Workbook

Sheet 封面
A1: CIBAR 物料清單（Bill of Materials）
A2: 刑事警察局 AR 反詐騙教育館 —「反詐AR體驗」展示組（硬體＋軟體＋repo 檔案）
B4: 基本資料
B5: 專案名稱 | C5: CIBAR 刑事警察局 AR 反詐騙教育館
B6: 產品名稱 | C6: 反詐AR體驗（Android App ＋ 佐臻 AR 眼鏡展示組）
B7: Android applicationId | C7: com.bigxreality.jorjinverifier
B8: APK Shell Version | C8: 1.2.0（versionCode 10200）
B9: Web Bundle Version | C9: 1.7.8
B10: 最新正式 OTA Release ID | C10: 1.7.8-20260930.002
B11: Web Bundle SHA-256 | C11: c65575b3cd44ac701634dcdf6db27536a693356339529166be9c1da626d55a27
B12: Web Bundle 大小（bytes） | C12: 120435402
B13: Repository | C13: magician-eric/ScamAware-AR
B14: 快照基準 commit | C14: bd2ffc4cb9762d6d056e3a38bf3a1cb0479cfd72（2026-09-30）
B15: BOM 製表日期 | C15: 2026-09-30
B16: BOM 計量基準 | C16: 每 1 套展示組 ＝ 1 副眼鏡＋1 片遮光片＋1 個收納包＋1 支手機＋軟體
B17: 採購套數（請填） | C17: 1 | D17: ← 預設 1 套；改成實際套數，各表總數量與金額會自動重算
B19: 統計（公式自動計算）
B20: 硬體品項數 | C20: =COUNTA(硬體BOM!B5:B8) -> 4
B21: 軟體／文件模組數（Level 2） | C21: =COUNTIF(軟體BOM!D5:D46,2) -> 38
B22: repo 檔案總數 | C22: =檔案清單!A1335 -> 1330
B23: repo 檔案總大小（MB） | C23: =檔案清單!G1335/1048576 -> 307.49658
B24: 第三方元件數（直接相依＋工具鏈） | C24: =COUNTA(第三方元件!B5:B30) -> 26
B25: 硬體合計金額（NT$） | C25: =硬體BOM!L9 -> 0
B26: BOM 總計金額（NT$） | C26: =BOM總表!K53 -> 0
B28: 填寫說明
B29: 黃底藍字 | C29: 請填寫的輸入欄：採購套數、各項單價（NT$）、眼鏡與配件確切型號
B30: 綠字 | C30: 由其他工作表連結過來的數值（請到來源工作表修改）
B31: 黑字 | C31: 公式計算結果，請勿直接覆寫
B32: 範例 | C32: 在「硬體BOM」的單價欄輸入 12000（僅示範格式，非實際報價），小計＝總數量×單價，BOM總表與封面合計會同步更新
B34: 工作表索引
B35: BOM總表 | C35: 階層式總 BOM：Level 0 展示組 → Level 1 硬體／軟體群組 → Level 2 品項與軟體模組
B36: 硬體BOM | C36: 四項硬體設備（佐臻 AR 眼鏡、遮光片、收納包、HTC 手機）之規格、數量與金額
B37: 軟體BOM | C37: repo 內容依模組分類的軟體料號，檔案數與大小由「檔案清單」公式彙總
B38: 第三方元件 | C38: 軟體使用的第三方套件、SDK 與建置工具（版本、授權、是否出貨）
B39: 檔案清單 | C39: repo 全部 1330 個 git 追蹤檔案：路徑、所屬料號、類型、大小、SHA-256、交付形式
B41: 資料來源
B42: 版本號 | C42: release/versions.json（唯一版本來源）；release/ota/latest.json
B43: 硬體需求 | C43: android/README.md、android/app/build.gradle、res/xml/device_filter.xml、docs/CIBAR-Technical-Specification.md、docs/CIBAR-教育訓練操作手冊.md
B44: 硬體品項 | C44: 佐臻 AR 眼鏡、AR 眼鏡遮光片、AR 眼鏡收納包、HTC 手機 —— 依使用者指定
B45: 檔案清單 | C45: git ls-files @ bd2ffc4；SHA-256 由檔案內容計算

Sheet BOM總表
A1: BOM 總表（階層式）
A2: 硬體單價於「硬體BOM」填寫後連結至此（綠字）；軟體 Level 1 單價為選填（黃底）。檔案數／大小連結自「軟體BOM」。
A4: 項次 | B4: 階層 | C4: 料號 | D4: 品名 | E4: 規格／版本 | F4: 類別 | G4: 單套數量 | H4: 單位 | I4: 總數量 | J4: 單價（NT$） | K4: 小計（NT$） | L4: 檔案數 | M4: 大小（MB） | N4: 交付形式 | O4: 來源／供應商
A5: 1 | B5: 0 | C5: CIBAR-SET | D5: CIBAR AR 反詐騙體驗展示組 | E5: Shell 1.2.0／Web Bundle 1.7.8 | F5: 成品 | G5: 1 | H5: 套 | I5: =G5*封面!$C$17 -> 1 | K5: =K53 -> 0 | L5: =L53 -> 1330 | M5: =M53 -> 307.49658 | N5: 整套交付 | O5: —
A6: 1.1 | B6: 1 | C6: HW-000 | D6: 硬體設備 | E6: 4 項 | F6: 硬體 | K6: =硬體BOM!L9 -> 0 | N6: 實體設備 | O6: —
A7: 1.1.1 | B7: 2 | C7: HW-001 | D7: 佐臻 AR 眼鏡 | E7: J-Reality 系列 AR 眼鏡（須含 RGB 相機＋ToF 手勢模組；確切型號請依採購單填寫） | F7: 硬體 | G7: 1 | H7: 副 | I7: =G7*封面!$C$17 -> 1 | J7: =硬體BOM!K5 -> 0 | K7: =I7*J7 -> 0 | N7: 實體設備 | O7: 佐臻股份有限公司（Jorjin Technologies）
A8: 1.1.2 | B8: 2 | C8: HW-002 | D8: AR 眼鏡遮光片 | E8: 對應 HW-001 眼鏡型號之遮光片（確切型號請填寫） | F8: 硬體 | G8: 1 | H8: 片 | I8: =G8*封面!$C$17 -> 1 | J8: =硬體BOM!K6 -> 0 | K8: =I8*J8 -> 0 | N8: 實體設備 | O8: 佐臻（原廠配件）
A9: 1.1.3 | B9: 2 | C9: HW-003 | D9: AR 眼鏡收納包 | E9: 對應 HW-001 眼鏡型號之收納包（確切型號請填寫） | F9: 硬體 | G9: 1 | H9: 個 | I9: =G9*封面!$C$17 -> 1 | J9: =硬體BOM!K7 -> 0 | K9: =I9*J9 -> 0 | N9: 實體設備 | O9: 佐臻（原廠配件）
A10: 1.1.4 | B10: 2 | C10: HW-004 | D10: HTC 手機 | E10: HTC U23 | F10: 硬體 | G10: 1 | H10: 支 | I10: =G10*封面!$C$17 -> 1 | J10: =硬體BOM!K8 -> 0 | K10: =I10*J10 -> 0 | N10: 實體設備 | O10: HTC（宏達國際電子）
A11: 1.2 | B11: 1 | C11: SW-100 | D11: Android App「反詐AR體驗」APK Shell | E11: v1.2.0（versionCode 10200） | F11: 軟體 | G11: 1 | H11: 套 | I11: =G11*封面!$C$17 -> 1 | K11: =I11*J11 -> 0 | L11: =軟體BOM!J5 -> 109 | M11: =軟體BOM!K5 -> 18.580702 | N11: APK 內建 | O11: 自行開發（repo）
A12: 1.2.1 | B12: 2 | C12: SW-101 | D12: Android 主程式 | E12: v1.2.0 | F12: 軟體 | G12: 1 | H12: 份 | I12: =G12*封面!$C$17 -> 1 | L12: =軟體BOM!J6 -> 24 | M12: =軟體BOM!K6 -> 0.20204639 | N12: APK 內建 | O12: 自行開發（repo）
A13: 1.2.2 | B13: 2 | C13: SW-102 | D13: Android OTA 更新模組 | E13: v1.2.0 | F13: 軟體 | G13: 1 | H13: 份 | I13: =G13*封面!$C$17 -> 1 | L13: =軟體BOM!J7 -> 23 | M13: =軟體BOM!K7 -> 0.12522507 | N13: APK 內建 | O13: 自行開發（repo）
A14: 1.2.3 | B14: 2 | C14: SW-103 | D14: Android 資源與 Manifest | E14: v1.2.0 | F14: 軟體 | G14: 1 | H14: 份 | I14: =G14*封面!$C$17 -> 1 | L14: =軟體BOM!J8 -> 11 | M14: =軟體BOM!K8 -> 0.25537872 | N14: APK 內建 | O14: 自行開發（repo）
A15: 1.2.4 | B15: 2 | C15: SW-104 | D15: 佐臻 JJSDK（jjsdk.aar） | E15: v1.3.3 | F15: 第三方軟體 | G15: 1 | H15: 份 | I15: =G15*封面!$C$17 -> 1 | L15: =軟體BOM!J9 -> 1 | M15: =軟體BOM!K9 -> 7.4213076 | N15: APK 內建 | O15: 佐臻（原廠 SDK）
A16: 1.2.5 | B16: 2 | C16: SW-105 | D16: Android 建置設定與簽章 | E16: AGP 8.7.3／Gradle 8.9 | F16: 軟體 | G16: 1 | H16: 份 | I16: =G16*封面!$C$17 -> 1 | L16: =軟體BOM!J10 -> 11 | M16: =軟體BOM!K10 -> 0.083215714 | N16: 建置用（不出貨） | O16: 自行開發（repo）
A17: 1.2.6 | B17: 2 | C17: SW-106 | D17: Android 單元測試與測試工具 | E17: — | F17: 軟體 | G17: 1 | H17: 份 | I17: =G17*封面!$C$17 -> 1 | L17: =軟體BOM!J11 -> 38 | M17: =軟體BOM!K11 -> 0.31122017 | N17: 開發／測試用（不出貨） | O17: 自行開發（repo）
A18: 1.2.7 | B18: 2 | C18: SW-107 | D18: 佐臻原廠 J-Reality-Gesture APK（參考用） | E18: v0.9.5 | F18: 第三方軟體 | G18: 1 | H18: 份 | I18: =G18*封面!$C$17 -> 1 | L18: =軟體BOM!J12 -> 1 | M18: =軟體BOM!K12 -> 10.182308 | N18: 開發／測試用（不出貨） | O18: 佐臻（原廠 SDK）
A19: 1.3 | B19: 1 | C19: SW-200 | D19: CIBAR Web Bundle（體驗內容） | E19: v1.7.8（Release 1.7.8-20260930.002） | F19: 軟體 | G19: 1 | H19: 套 | I19: =G19*封面!$C$17 -> 1 | K19: =I19*J19 -> 0 | L19: =軟體BOM!J13 -> 591 | M19: =軟體BOM!K13 -> 116.81492 | N19: Web Bundle（APK 內建＋OTA 更新） | O19: 自行開發（repo）
A20: 1.3.1 | B20: 2 | C20: SW-201 | D20: 平台核心（進入點／路由／Shell／共用函式庫） | E20: v1.7.8 | F20: 軟體 | G20: 1 | H20: 份 | I20: =G20*封面!$C$17 -> 1 | L20: =軟體BOM!J14 -> 25 | M20: =軟體BOM!K14 -> 0.095726967 | N20: Web Bundle（APK 內建＋OTA 更新） | O20: 自行開發（repo）
A21: 1.3.2 | B21: 2 | C21: SW-202 | D21: 入口流程與工作人員管理模式 | E21: v1.7.8 | F21: 軟體 | G21: 1 | H21: 份 | I21: =G21*封面!$C$17 -> 1 | L21: =軟體BOM!J15 -> 20 | M21: =軟體BOM!K15 -> 0.15959167 | N21: Web Bundle（APK 內建＋OTA 更新） | O21: 自行開發（repo）
A22: 1.3.3 | B22: 2 | C22: SW-203 | D22: AR 影像辨識與相機來源 | E22: v1.7.8 | F22: 軟體 | G22: 1 | H22: 份 | I22: =G22*封面!$C$17 -> 1 | L22: =軟體BOM!J16 -> 10 | M22: =軟體BOM!K16 -> 0.081889153 | N22: Web Bundle（APK 內建＋OTA 更新） | O22: 自行開發（repo）
A23: 1.3.4 | B23: 2 | C23: SW-204 | D23: AR 手勢互動 | E23: v1.7.8 | F23: 軟體 | G23: 1 | H23: 份 | I23: =G23*封面!$C$17 -> 1 | L23: =軟體BOM!J17 -> 18 | M23: =軟體BOM!K17 -> 0.097322464 | N23: Web Bundle（APK 內建＋OTA 更新） | O23: 自行開發（repo）
A24: 1.3.5 | B24: 2 | C24: SW-205 | D24: 共用體驗元件 | E24: v1.7.8 | F24: 軟體 | G24: 1 | H24: 份 | I24: =G24*封面!$C$17 -> 1 | L24: =軟體BOM!J18 -> 36 | M24: =軟體BOM!K18 -> 0.55141354 | N24: Web Bundle（APK 內建＋OTA 更新） | O24: 自行開發（repo）
A25: 1.3.6 | B25: 2 | C25: SW-211 | D25: 模擬 App：GuGo Invest 股購投資 | E25: v1.7.8 | F25: 軟體 | G25: 1 | H25: 份 | I25: =G25*封面!$C$17 -> 1 | L25: =軟體BOM!J19 -> 51 | M25: =軟體BOM!K19 -> 0.19622993 | N25: Web Bundle（APK 內建＋OTA 更新） | O25: 自行開發（repo）
A26: 1.3.7 | B26: 2 | C26: SW-212 | D26: 模擬 App：MeetU 覓友 | E26: v1.7.8 | F26: 軟體 | G26: 1 | H26: 份 | I26: =G26*封面!$C$17 -> 1 | L26: =軟體BOM!J20 -> 24 | M26: =軟體BOM!K20 -> 0.21236038 | N26: Web Bundle（APK 內建＋OTA 更新） | O26: 自行開發（repo）
A27: 1.3.8 | B27: 2 | C27: SW-213 | D27: 模擬 App：幣勝客 Coin Winner | E27: v1.7.8 | F27: 軟體 | G27: 1 | H27: 份 | I27: =G27*封面!$C$17 -> 1 | L27: =軟體BOM!J21 -> 17 | M27: =軟體BOM!K21 -> 0.064618111 | N27: Web Bundle（APK 內建＋OTA 更新） | O27: 自行開發（repo）
A28: 1.3.9 | B28: 2 | C28: SW-214 | D28: 模擬 App：LINE 對話外殼 | E28: v1.7.8 | F28: 軟體 | G28: 1 | H28: 份 | I28: =G28*封面!$C$17 -> 1 | L28: =軟體BOM!J22 -> 4 | M28: =軟體BOM!K22 -> 0.018955231 | N28: Web Bundle（APK 內建＋OTA 更新） | O28: 自行開發（repo）
A29: 1.3.10 | B29: 2 | C29: SW-215 | D29: 模擬 App：黑皮購物 BlackPi | E29: v1.7.8 | F29: 軟體 | G29: 1 | H29: 份 | I29: =G29*封面!$C$17 -> 1 | L29: =軟體BOM!J23 -> 29 | M29: =軟體BOM!K23 -> 0.16614151 | N29: Web Bundle（APK 內建＋OTA 更新） | O29: 自行開發（repo）
A30: 1.3.11 | B30: 2 | C30: SW-216 | D30: 模擬 App：黑皮通 HPE Logistics | E30: v1.7.8 | F30: 軟體 | G30: 1 | H30: 份 | I30: =G30*封面!$C$17 -> 1 | L30: =軟體BOM!J24 -> 15 | M30: =軟體BOM!K24 -> 0.10832691 | N30: Web Bundle（APK 內建＋OTA 更新） | O30: 自行開發（repo）
A31: 1.3.12 | B31: 2 | C31: SW-217 | D31: 模擬 App：買東東 MyDonDon（二手交易平台） | E31: v1.7.8 | F31: 軟體 | G31: 1 | H31: 份 | I31: =G31*封面!$C$17 -> 1 | L31: =軟體BOM!J25 -> 30 | M31: =軟體BOM!K25 -> 0.31386757 | N31: Web Bundle（APK 內建＋OTA 更新） | O31: 自行開發（repo）
... A52: 1.5.4 | B52: 2 | C52: DOC-104 | D52: PR 驗收截圖 | E52: — | F52: 文件 | G52: 1 | H52: 份 | I52: =G52*封面!$C$17 -> 1 | L52: =軟體BOM!J46 -> 229 | M52: =軟體BOM!K46 -> 21.998846 | N52: 文件 | O52: 自行開發（repo）
D53: BOM 總計（硬體＋軟體選填費用） | K53: =K7+K8+K9+K10+K11+K19 -> 0 | L53: =軟體BOM!J47 -> 1330 | M53: =軟體BOM!K47 -> 307.49658
D55: 註：硬體群組列（1.1）的小計為硬體合計，僅供參考，不重複計入 BOM 總計。

Sheet 硬體BOM
A1: 硬體 BOM
A2: 數量為「每 1 套展示組」的用量；總數量 ＝ 單套數量 × 封面「採購套數」。黃底欄位請填寫。
A4: 項次 | B4: 料號 | C4: 品名 | D4: 品牌／廠商 | E4: 型號 | F4: 功能用途 | G4: 關鍵規格／相容需求 | H4: 單套數量 | I4: 單位 | J4: 總數量 | K4: 單價（NT$） | L4: 小計（NT$） | M4: 規格依據 | N4: 備註
A5: 1 | B5: HW-001 | C5: 佐臻 AR 眼鏡 | D5: 佐臻股份有限公司（Jorjin Technologies） | E5: J-Reality 系列 AR 眼鏡（須含 RGB 相機＋ToF 手勢模組；確切型號請依採購單填寫） | F5: 參觀者佩戴的 AR 顯示裝置；提供圖卡辨識用 RGB 相機影像，並以 ToF 深度感測器辨識左揮／右揮手勢 | G5: • 驅動：佐臻 JJSDK v1.3.3（CameraManager／TofManager） • RGB 相機：USB UVC，CIBAR 以 640×480 影像進行圖卡辨識 • ToF：8×8 深度感測器，ToF 韌體須 ≥ v1.2.2（低於此版本不會產生手勢） • USB 裝置 ID：ToF 0x0483:0x5740（舊版）、0x350E:0x3723、0x350E:0x3501；RGB 相機為 UVC video class • 連接：USB-C 接手機，須具資料傳輸能力（純充電線無法枚舉裝置） | H5: 1 | I5: 副 | J5: =H5*封面!$C$17 -> 1 | L5: =J5*K5 -> 0 | M5: android/README.md；android/app/src/main/res/xml/device_filter.xml；docs/CIBAR-Technical-Specification.md §2.11；docs/ar-glasses-camera-diagnosis.md | N5: 強烈日光、紅外線補光燈可能干擾 ToF；建議室內 LED 照明
A6: 2 | B6: HW-002 | C6: AR 眼鏡遮光片 | D6: 佐臻（原廠配件） | E6: 對應 HW-001 眼鏡型號之遮光片（確切型號請填寫） | F6: 外掛於眼鏡前方，降低環境光，提升眼鏡顯示畫面的對比與可視性 | G6: • 須與 HW-001 眼鏡型號相容 • 安裝後請確認未遮擋 RGB 相機與 ToF 感測器 | H6: 1 | I6: 片 | J6: =H6*封面!$C$17 -> 1 | L6: =J6*K6 -> 0 | M6: 使用者指定品項 | N6: 展場燈光較強時使用
A7: 3 | B7: HW-003 | C7: AR 眼鏡收納包 | D7: 佐臻（原廠配件） | E7: 對應 HW-001 眼鏡型號之收納包（確切型號請填寫） | F7: 眼鏡、遮光片與 USB-C 線材的收納、運輸與保護 | G7: • 須可容納 HW-001 眼鏡本體與 HW-002 遮光片 | H7: 1 | I7: 個 | J7: =H7*封面!$C$17 -> 1 | L7: =J7*K7 -> 0 | M7: 使用者指定品項
A8: 4 | B8: HW-004 | C8: HTC 手機 | D8: HTC（宏達國際電子） | E8: HTC U23 | F8: 體驗主機：執行「反詐AR體驗」App，經 USB-C 驅動 AR 眼鏡；眼鏡未接時可用觸控完成體驗（備援） | G8: • Android 8.1 以上（App minSdk 27） • USB-C 須支援 DisplayPort Alt Mode，且能供電給眼鏡 • 螢幕 1080×2400 直式（情境畫面以 HTC U23 實機比例設計） • 預裝 App：反詐AR體驗（applicationId com.bigxreality.jorjinverifier） • 體驗可全程離線；僅 OTA 更新內容時需要網路 | H8: 1 | I8: 支 | J8: =H8*封面!$C$17 -> 1 | L8: =J8*K8 -> 0 | M8: android/README.md；android/app/build.gradle（minSdk 27）；webapp/src/styles/scenario03.css；docs/CIBAR-教育訓練操作手冊.md §2 | N8: 開場前充飽電（≧80%）；採購前請確認機型實際支援 DP Alt Mode 與對外供電
C9: 硬體合計 | J9: =SUM(J5:J8) -> 4 | L9: =SUM(L5:L8) -> 0
B11: 備註
B12: 1. 單價欄留白時小計顯示「-」；填入報價後金額會同步到「BOM總表」與「封面」。
B13: 2. 眼鏡須為含 ToF 的型號且 ToF 韌體 ≥ v1.2.2，否則左揮／右揮手勢無法使用（體驗仍可用手機觸控完成）。
B14: 3. 眼鏡與手機之間的 USB-C 線須具資料傳輸能力；供電不足時需改用相容的供電／轉接配置（android/README.md）。
B15: 4. 教育訓練操作手冊 §2 另建議現場備品（未列入本 BOM）：展場辨識圖卡 5 張、耳機或喇叭、擦拭布、行動電源。

Sheet 軟體BOM
A1: 軟體 BOM（依 repo 內容分類）
A2: 檔案數與大小以公式從「檔案清單」依料號彙總；Level 1 為群組小計。
A4: 項次 | B4: 料號 | C4: 名稱 | D4: 階層 | E4: 上階料號 | F4: 版本 | G4: 路徑範圍 | H4: 說明 | I4: 交付形式 | J4: 檔案數 | K4: 大小（MB）
A5: 1 | B5: SW-100 | C5: Android App「反詐AR體驗」APK Shell | D5: 1 | E5: — | F5: v1.2.0（versionCode 10200） | G5: android/ | H5: Android 原生外殼：WebView、佐臻眼鏡 RGB 相機、ToF 手勢、Native Bridge、OTA；applicationId com.bigxreality.jorjinverifier | I5: APK 內建 | J5: =SUM(J6:J12) -> 109 | K5: =SUM(K6:K12) -> 18.580702
A6: 2 | B6: SW-101 | C6: Android 主程式 | D6: 2 | E6: SW-100 | F6: v1.2.0 | G6: android/app/src/main/java/（ota/ 除外） | H6: MainActivity、JorjinHardwareManager、TofGestureRecognizer（8×8 深度幀自算 LEFT／RIGHT）、GlassesCameraStream（MJPEG）、GestureBridgeScript、ShellBridgeScript、OtaControlBridge | I6: APK 內建 | J6: =COUNTIF(檔案清單!$C$5:$C$1334,B6) -> 24 | K6: =SUMIF(檔案清單!$C$5:$C$1334,B6,檔案清單!$G$5:$G$1334)/1048576 -> 0.20204639
A7: 3 | B7: SW-102 | C7: Android OTA 更新模組 | D7: 2 | E7: SW-100 | F7: v1.2.0 | G7: android/app/src/main/java/…/ota/ | H7: latest.json → bundle.zip → SHA-256 驗證 → pending → 下次啟動生效；WebBundleStore（bundled／active／previous／pending） | I7: APK 內建 | J7: =COUNTIF(檔案清單!$C$5:$C$1334,B7) -> 23 | K7: =SUMIF(檔案清單!$C$5:$C$1334,B7,檔案清單!$G$5:$G$1334)/1048576 -> 0.12522507
A8: 4 | B8: SW-103 | C8: Android 資源與 Manifest | D8: 2 | E8: SW-100 | F8: v1.2.0 | G8: android/app/src/main/res/、AndroidManifest.xml | H8: App 圖示、版面、字串、device_filter.xml（眼鏡 USB 裝置 ID） | I8: APK 內建 | J8: =COUNTIF(檔案清單!$C$5:$C$1334,B8) -> 11 | K8: =SUMIF(檔案清單!$C$5:$C$1334,B8,檔案清單!$G$5:$G$1334)/1048576 -> 0.25537872
A9: 5 | B9: SW-104 | C9: 佐臻 JJSDK（jjsdk.aar） | D9: 2 | E9: SW-100 | F9: v1.3.3 | G9: android/app/libs/jjsdk.aar | H9: 佐臻原廠 SDK：CameraManager（RGB 相機 UVC）、TofManager（ToF CDC-ACM）；含 arm64-v8a／armeabi-v7a libjjsdk.so；SHA-256 95847781…c0cdea（CI 驗證） | I9: APK 內建 | J9: =COUNTIF(檔案清單!$C$5:$C$1334,B9) -> 1 | K9: =SUMIF(檔案清單!$C$5:$C$1334,B9,檔案清單!$G$5:$G$1334)/1048576 -> 7.4213076
A10: 6 | B10: SW-105 | C10: Android 建置設定與簽章 | D10: 2 | E10: SW-100 | F10: AGP 8.7.3／Gradle 8.9 | G10: android/*.gradle、gradle/、gradlew、proguard、keystore | H10: compileSdk 35、minSdk 27、targetSdk 30（JJSDK 相容需求）；buildCibarWebapp 會把 webapp/dist 打包進 APK | I10: 建置用（不出貨） | J10: =COUNTIF(檔案清單!$C$5:$C$1334,B10) -> 11 | K10: =SUMIF(檔案清單!$C$5:$C$1334,B10,檔案清單!$G$5:$G$1334)/1048576 -> 0.083215714
A11: 7 | B11: SW-106 | C11: Android 單元測試與測試工具 | D11: 2 | E11: SW-100 | F11: — | G11: android/app/src/test/、android/tools/ | H11: JVM 單元測試（ProductionStartupTest、AppIdentityTest、WebLayerControllerTest…）與 stub | I11: 開發／測試用（不出貨） | J11: =COUNTIF(檔案清單!$C$5:$C$1334,B11) -> 38 | K11: =SUMIF(檔案清單!$C$5:$C$1334,B11,檔案清單!$G$5:$G$1334)/1048576 -> 0.31122017
A12: 8 | B12: SW-107 | C12: 佐臻原廠 J-Reality-Gesture APK（參考用） | D12: 2 | E12: SW-100 | F12: v0.9.5 | G12: android/J-Reality-Gesture_v0.9.5.apk | H12: 僅作靜態比對 ToF 裝置描述子用；App 執行時不啟動、不依賴此 APK | I12: 開發／測試用（不出貨） | J12: =COUNTIF(檔案清單!$C$5:$C$1334,B12) -> 1 | K12: =SUMIF(檔案清單!$C$5:$C$1334,B12,檔案清單!$G$5:$G$1334)/1048576 -> 10.182308
A13: 9 | B13: SW-200 | C13: CIBAR Web Bundle（體驗內容） | D13: 1 | E13: — | F13: v1.7.8（Release 1.7.8-20260930.002） | G13: webapp/ | H13: React 19 + Vite 靜態產物；五個詐騙情境、模擬 App、LINE、結算、反詐小測驗、三語（中／英／日）、AR 辨識與手勢 | I13: Web Bundle（APK 內建＋OTA 更新） | J13: =SUM(J14:J35) -> 591 | K13: =SUM(K14:K35) -> 116.81492
A14: 10 | B14: SW-201 | C14: 平台核心（進入點／路由／Shell／共用函式庫） | D14: 2 | E14: SW-200 | F14: v1.7.8 | G14: webapp/src/App.jsx、main.jsx、routes.jsx、shell/、lib/、styles/global.css | H14: HashRouter 路由、舞台縮放、對話樹、媒體自動播放、session 重置等共用邏輯 | I14: Web Bundle（APK 內建＋OTA 更新） | J14: =COUNTIF(檔案清單!$C$5:$C$1334,B14) -> 25 | K14: =SUMIF(檔案清單!$C$5:$C$1334,B14,檔案清單!$G$5:$G$1334)/1048576 -> 0.095726967
A15: 11 | B15: SW-202 | C15: 入口流程與工作人員管理模式 | D15: 2 | E15: SW-200 | F15: v1.7.8 | G15: webapp/src/pages/（語言選擇、情境選單、opening、staff）、lib/ota/ | H15: 開場動畫、語言選擇、情境選單、工作人員模式（所在地設定、系統版本與 OTA 更新） | I15: Web Bundle（APK 內建＋OTA 更新） | J15: =COUNTIF(檔案清單!$C$5:$C$1334,B15) -> 20 | K15: =SUMIF(檔案清單!$C$5:$C$1334,B15,檔案清單!$G$5:$G$1334)/1048576 -> 0.15959167
A16: 12 | B16: SW-203 | C16: AR 影像辨識與相機來源 | D16: 2 | E16: SW-200 | F16: v1.7.8 | G16: webapp/src/lib/ar/、pages/arScan/ | H16: mind-ar 圖卡辨識（5 張 target）、眼鏡 MJPEG／getUserMedia 相機來源、target lock | I16: Web Bundle（APK 內建＋OTA 更新） | J16: =COUNTIF(檔案清單!$C$5:$C$1334,B16) -> 10 | K16: =SUMIF(檔案清單!$C$5:$C$1334,B16,檔案清單!$G$5:$G$1334)/1048576 -> 0.081889153
A17: 13 | B17: SW-204 | C17: AR 手勢互動 | D17: 2 | E17: SW-200 | F17: v1.7.8 | G17: webapp/src/lib/arInteraction/、components/{native,hints,debug}/、pages/gestureTutorial/ | H17: AR Interaction Contract、Gesture Bridge、jorjinGesture Native Adapter、手勢教學頁、互動提示 | I17: Web Bundle（APK 內建＋OTA 更新） | J17: =COUNTIF(檔案清單!$C$5:$C$1334,B17) -> 18 | K17: =SUMIF(檔案清單!$C$5:$C$1334,B17,檔案清單!$G$5:$G$1334)/1048576 -> 0.097322464
A18: 14 | B18: SW-205 | C18: 共用體驗元件 | D18: 2 | E18: SW-200 | F18: v1.7.8 | G18: webapp/src/components/{ui,outcome,warnings}/、experience/、shared/、lib/location/、data/{location,warnings}/ | H18: 情境結算、詐騙疑點分析、防詐警示、角色系統、所在地／警政機關、手機桌面、共用翻譯機制 | I18: Web Bundle（APK 內建＋OTA 更新） | J18: =COUNTIF(檔案清單!$C$5:$C$1334,B18) -> 36 | K18: =SUMIF(檔案清單!$C$5:$C$1334,B18,檔案清單!$G$5:$G$1334)/1048576 -> 0.55141354
A19: 15 | B19: SW-211 | C19: 模擬 App：GuGo Invest 股購投資 | D19: 2 | E19: SW-200 | F19: v1.7.8 | G19: webapp/src/apps/gugo-invest/ | H19: Scenario 01 使用 | I19: Web Bundle（APK 內建＋OTA 更新） | J19: =COUNTIF(檔案清單!$C$5:$C$1334,B19) -> 51 | K19: =SUMIF(檔案清單!$C$5:$C$1334,B19,檔案清單!$G$5:$G$1334)/1048576 -> 0.19622993
A20: 16 | B20: SW-212 | C20: 模擬 App：MeetU 覓友 | D20: 2 | E20: SW-200 | F20: v1.7.8 | G20: webapp/src/apps/meetu/ | H20: Scenario 02 使用 | I20: Web Bundle（APK 內建＋OTA 更新） | J20: =COUNTIF(檔案清單!$C$5:$C$1334,B20) -> 24 | K20: =SUMIF(檔案清單!$C$5:$C$1334,B20,檔案清單!$G$5:$G$1334)/1048576 -> 0.21236038
A21: 17 | B21: SW-213 | C21: 模擬 App：幣勝客 Coin Winner | D21: 2 | E21: SW-200 | F21: v1.7.8 | G21: webapp/src/apps/coin-winner/ | H21: Scenario 02 使用 | I21: Web Bundle（APK 內建＋OTA 更新） | J21: =COUNTIF(檔案清單!$C$5:$C$1334,B21) -> 17 | K21: =SUMIF(檔案清單!$C$5:$C$1334,B21,檔案清單!$G$5:$G$1334)/1048576 -> 0.064618111
A22: 18 | B22: SW-214 | C22: 模擬 App：LINE 對話外殼 | D22: 2 | E22: SW-200 | F22: v1.7.8 | G22: webapp/src/apps/line/ | H22: 多個情境共用 | I22: Web Bundle（APK 內建＋OTA 更新） | J22: =COUNTIF(檔案清單!$C$5:$C$1334,B22) -> 4 | K22: =SUMIF(檔案清單!$C$5:$C$1334,B22,檔案清單!$G$5:$G$1334)/1048576 -> 0.018955231
A23: 19 | B23: SW-215 | C23: 模擬 App：黑皮購物 BlackPi | D23: 2 | E23: SW-200 | F23: v1.7.8 | G23: webapp/src/apps/blackpi/ | H23: Scenario 04 使用 | I23: Web Bundle（APK 內建＋OTA 更新） | J23: =COUNTIF(檔案清單!$C$5:$C$1334,B23) -> 29 | K23: =SUMIF(檔案清單!$C$5:$C$1334,B23,檔案清單!$G$5:$G$1334)/1048576 -> 0.16614151
A24: 20 | B24: SW-216 | C24: 模擬 App：黑皮通 HPE Logistics | D24: 2 | E24: SW-200 | F24: v1.7.8 | G24: webapp/src/apps/hpe-logistics/ | H24: Scenario 04、05 使用 | I24: Web Bundle（APK 內建＋OTA 更新） | J24: =COUNTIF(檔案清單!$C$5:$C$1334,B24) -> 15 | K24: =SUMIF(檔案清單!$C$5:$C$1334,B24,檔案清單!$G$5:$G$1334)/1048576 -> 0.10832691
A25: 21 | B25: SW-217 | C25: 模擬 App：買東東 MyDonDon（二手交易平台） | D25: 2 | E25: SW-200 | F25: v1.7.8 | G25: webapp/src/apps/mydondon/ | H25: Scenario 05 使用 | I25: Web Bundle（APK 內建＋OTA 更新） | J25: =COUNTIF(檔案清單!$C$5:$C$1334,B25) -> 30 | K25: =SUMIF(檔案清單!$C$5:$C$1334,B25,檔案清單!$G$5:$G$1334)/1048576 -> 0.31386757
... A35: 31 | B35: SW-240 | C35: Web 建置設定 | D35: 2 | E35: SW-200 | F35: v1.7.8 | G35: webapp/package.json、package-lock.json、vite.config.js、.oxlintrc.json | H35: Vite base /ScamAware-AR/；版本資訊由 release/versions.json 注入 | I35: 建置用（不出貨） | J35: =COUNTIF(檔案清單!$C$5:$C$1334,B35) -> 5 | K35: =SUMIF(檔案清單!$C$5:$C$1334,B35,檔案清單!$G$5:$G$1334)/1048576 -> 0.1675005
A36: 32 | B36: SW-300 | C36: 開發、測試與發布工具 | D36: 1 | E36: — | F36: — | G36: .github/、release/、webapp/scripts/、webapp/asset-sources/、根目錄建置產物 | H36: 不隨產品出貨；用於驗證、建置、OTA 發布與開發預覽 | I36: 開發／測試用（不出貨） | J36: =SUM(J37:J41) -> 352 | K36: =SUM(K37:K41) -> 148.88366
A37: 33 | B37: SW-301 | C37: Web 驗證與測試腳本 | D37: 2 | E37: SW-300 | F37: — | G37: webapp/scripts/ | H37: validate:* 架構邊界檢查、test:* 單元／流程測試、OTA 打包、禁網資產稽核 | I37: 開發／測試用（不出貨） | J37: =COUNTIF(檔案清單!$C$5:$C$1334,B37) -> 115 | K37: =SUMIF(檔案清單!$C$5:$C$1334,B37,檔案清單!$G$5:$G$1334)/1048576 -> 1.5292044
A38: 34 | B38: SW-302 | C38: 素材原始檔 | D38: 2 | E38: SW-300 | F38: — | G38: webapp/asset-sources/ | H38: 5 張 AR 辨識圖卡原圖（scenario1–5.png，展場印製用）、App 圖示原始檔、商品圖原始檔 | I38: 開發／測試用（不出貨） | J38: =COUNTIF(檔案清單!$C$5:$C$1334,B38) -> 24 | K38: =SUMIF(檔案清單!$C$5:$C$1334,B38,檔案清單!$G$5:$G$1334)/1048576 -> 30.306211
A39: 35 | B39: SW-303 | C39: CI/CD 工作流程 | D39: 2 | E39: SW-300 | F39: — | G39: .github/workflows/ | H39: build-android.yml（建 APK）、deploy-pages.yml（預覽站台）、ota-release.yml（正式 OTA 發布＋版本遞增檢查） | I39: 開發／測試用（不出貨） | J39: =COUNTIF(檔案清單!$C$5:$C$1334,B39) -> 3 | K39: =SUMIF(檔案清單!$C$5:$C$1334,B39,檔案清單!$G$5:$G$1334)/1048576 -> 0.0602808
A40: 36 | B40: SW-304 | C40: 版本與 OTA 發布紀錄 | D40: 2 | E40: SW-300 | F40: Shell 1.2.0／Web 1.7.8 | G40: release/、ota/latest.json | H40: versions.json（唯一版本來源）、每次正式 OTA Release 的 manifest | I40: 發布紀錄（不出貨） | J40: =COUNTIF(檔案清單!$C$5:$C$1334,B40) -> 31 | K40: =SUMIF(檔案清單!$C$5:$C$1334,B40,檔案清單!$G$5:$G$1334)/1048576 -> 0.016887665
A41: 37 | B41: SW-305 | C41: GitHub Pages 預覽站台建置產物 | D41: 2 | E41: SW-300 | F41: v1.7.8 | G41: 根目錄 index.html、assets/、data/、icons/、manifest.json、sw.js | H41: CI 自動把 webapp build 輸出發佈到 repo 根目錄，供開發預覽 | I41: 開發預覽站台 GitHub Pages（不出貨） | J41: =COUNTIF(檔案清單!$C$5:$C$1334,B41) -> 179 | K41: =SUMIF(檔案清單!$C$5:$C$1334,B41,檔案清單!$G$5:$G$1334)/1048576 -> 116.97108
A42: 38 | B42: DOC-100 | C42: 專案文件 | D42: 1 | E42: — | F42: — | G42: README.md、CLAUDE.md、docs/、android/README.md | H42: 規格書、教育訓練操作手冊、架構／AR／版本規範文件、翻譯稿、驗收截圖 | I42: 文件 | J42: =SUM(J43:J46) -> 278 | K42: =SUM(K43:K46) -> 23.217299
A43: 39 | B43: DOC-101 | C43: 正式文件（規格書／教育訓練操作手冊） | D43: 2 | E43: DOC-100 | F43: — | G43: docs/CIBAR-*.md | H43: CIBAR 系統規格書（含驗收檢核）、教育訓練操作手冊 | I43: 文件 | J43: =COUNTIF(檔案清單!$C$5:$C$1334,B43) -> 2 | K43: =SUMIF(檔案清單!$C$5:$C$1334,B43,檔案清單!$G$5:$G$1334)/1048576 -> 0.30828762
A44: 40 | B44: DOC-102 | C44: 工程與規範文件 | D44: 2 | E44: DOC-100 | F44: — | G44: README.md、CLAUDE.md、docs/*.md、docs/design/、docs/line/、android/*.md、webapp/README.md | H44: 版本／OTA／交付紀錄規範、架構稽核、AR 相機與手勢說明、Release／Delivery History | I44: 文件 | J44: =COUNTIF(檔案清單!$C$5:$C$1334,B44) -> 36 | K44: =SUMIF(檔案清單!$C$5:$C$1334,B44,檔案清單!$G$5:$G$1334)/1048576 -> 0.42516327
A45: 41 | B45: DOC-103 | C45: 翻譯稿與所在地對照資料 | D45: 2 | E45: DOC-100 | F45: — | G45: docs/translations/、docs/location-mapping/ | H45: 情境中英日文稿、警政轄區對照表 | I45: 文件 | J45: =COUNTIF(檔案清單!$C$5:$C$1334,B45) -> 11 | K45: =SUMIF(檔案清單!$C$5:$C$1334,B45,檔案清單!$G$5:$G$1334)/1048576 -> 0.48500156
A46: 42 | B46: DOC-104 | C46: PR 驗收截圖 | D46: 2 | E46: DOC-100 | F46: — | G46: docs/pr-screenshots/、docs/screenshots/ | H46: 各次 PR 的畫面驗收截圖 | I46: 文件 | J46: =COUNTIF(檔案清單!$C$5:$C$1334,B46) -> 229 | K46: =SUMIF(檔案清單!$C$5:$C$1334,B46,檔案清單!$G$5:$G$1334)/1048576 -> 21.998846
C47: 合計（所有 Level 1 群組） | J47: =J5+J13+J36+J42 -> 1330 | K47: =K5+K13+K36+K42 -> 307.49658
C48: 核對：檔案清單總數 | H48: 應與上一列檔案數相同；不同代表有檔案未歸入料號 | J48: =檔案清單!A1335 -> 1330

Sheet 第三方元件
A1: 第三方元件（SBOM）
A2: npm 直接相依版本取自 package-lock.json；另有 203 個 runtime 間接相依套件（lockfile 共 315 個）未逐一列出。
A4: 項次 | B4: 元件名稱 | C4: 宣告版本 | D4: 鎖定版本 | E4: 授權 | F4: 類別 | G4: 用途 | H4: 是否隨產品出貨 | I4: 來源檔案
A5: 1 | B5: @tensorflow/tfjs | C5: ^4.16.0 | D5: 4.22.0 | E5: Apache-2.0 | F5: Web Runtime 套件 | G5: mind-ar 影像辨識運算 | H5: 是（編入 Web Bundle） | I5: webapp/package.json、package-lock.json
A6: 2 | B6: i18next | C6: ^26.3.6 | D6: 26.3.6 | E6: MIT | F6: Web Runtime 套件 | G6: 多語系（中／英／日） | H6: 是（編入 Web Bundle） | I6: webapp/package.json、package-lock.json
A7: 3 | B7: i18next-browser-languagedetector | C7: ^8.2.1 | D7: 8.2.1 | E7: MIT | F7: Web Runtime 套件 | G7: 語言偵測 | H7: 是（編入 Web Bundle） | I7: webapp/package.json、package-lock.json
A8: 4 | B8: lightweight-charts | C8: ^5.2.0 | D8: 5.2.1 | E8: Apache-2.0 | F8: Web Runtime 套件 | G8: 模擬投資 App K 線圖 | H8: 是（編入 Web Bundle） | I8: webapp/package.json、package-lock.json
A9: 5 | B9: lucide-react | C9: ^1.31.0 | D9: 1.31.0 | E9: ISC | F9: Web Runtime 套件 | G9: 介面圖示 | H9: 是（編入 Web Bundle） | I9: webapp/package.json、package-lock.json
A10: 6 | B10: mind-ar | C10: ^1.2.5 | D10: 1.2.5 | E10: MIT | F10: Web Runtime 套件 | G10: AR 圖卡辨識引擎 | H10: 是（編入 Web Bundle） | I10: webapp/package.json、package-lock.json
A11: 7 | B11: react | C11: ^19.2.8 | D11: 19.2.8 | E11: MIT | F11: Web Runtime 套件 | G11: UI 框架 | H11: 是（編入 Web Bundle） | I11: webapp/package.json、package-lock.json
A12: 8 | B12: react-dom | C12: ^19.2.8 | D12: 19.2.8 | E12: MIT | F12: Web Runtime 套件 | G12: UI 框架（DOM） | H12: 是（編入 Web Bundle） | I12: webapp/package.json、package-lock.json
A13: 9 | B13: react-i18next | C13: ^17.0.11 | D13: 17.0.11 | E13: MIT | F13: Web Runtime 套件 | G13: React 多語系綁定 | H13: 是（編入 Web Bundle） | I13: webapp/package.json、package-lock.json
A14: 10 | B14: react-router-dom | C14: ^7.18.2 | D14: 7.18.2 | E14: MIT | F14: Web Runtime 套件 | G14: 路由（HashRouter） | H14: 是（編入 Web Bundle） | I14: webapp/package.json、package-lock.json
A15: 11 | B15: @tailwindcss/vite | C15: ^4.3.3 | D15: 4.3.3 | E15: MIT | F15: Web 開發／建置工具 | G15: Tailwind CSS Vite 外掛 | H15: 否 | I15: webapp/package.json、package-lock.json
A16: 12 | B16: @types/react | C16: ^19.2.17 | D16: 19.2.17 | E16: MIT | F16: Web 開發／建置工具 | G16: React 型別定義 | H16: 否 | I16: webapp/package.json、package-lock.json
... A30: 26 | B30: Node.js | C30: 22 | D30: 22 | E30: MIT | F30: CI 建置環境 | G30: Web 建置（建 APK 也需要） | H30: 否 | I30: .github/workflows/*.yml

Sheet 檔案清單
A1: repo 檔案清單
A2: 快照基準 commit bd2ffc4cb9762d6d056e3a38bf3a1cb0479cfd72；共 1330 個 git 追蹤檔案。大小單位為 bytes，SHA-256 由檔案內容計算。
A4: 項次 | B4: 檔案路徑 | C4: 所屬料號 | D4: 模組名稱 | E4: 檔案類型 | F4: 副檔名 | G4: 大小（bytes） | H4: SHA-256 | I4: 交付形式
A5: 1 | B5: .github/workflows/build-android.yml | C5: SW-303 | D5: CI/CD 工作流程 | E5: 其他 | F5: .yml | G5: 30011 | H5: 248d884c16fd633f5aa56609edbfd5de7395a443dd252164d1e947bb4ba11d59 | I5: 開發／測試用（不出貨）
A6: 2 | B6: .github/workflows/deploy-pages.yml | C6: SW-303 | D6: CI/CD 工作流程 | E6: 其他 | F6: .yml | G6: 5703 | H6: 7d42b2b583b5028f3e02de477007f9754a5509b8615997dffd9c155258b1ea4d | I6: 開發／測試用（不出貨）
A7: 3 | B7: .github/workflows/ota-release.yml | C7: SW-303 | D7: CI/CD 工作流程 | E7: 其他 | F7: .yml | G7: 27495 | H7: 1d003d35bd689e4e475944a234ffdb6803054cfe7e28caba952ff668b32255d6 | I7: 開發／測試用（不出貨）
A8: 4 | B8: .nojekyll | C8: SW-305 | D8: GitHub Pages 預覽站台建置產物 | E8: 設定 | F8: （無） | G8: 0 | H8: e3b0c44298fc1c149afbf4c8996fb92427ae41e4649b934ca495991b7852b855 | I8: 開發預覽站台 GitHub Pages（不出貨）
A9: 5 | B9: CLAUDE.md | C9: DOC-102 | D9: 工程與規範文件 | E9: 文件 | F9: .md | G9: 3146 | H9: 91f8c6546f31eaef15227284adc9f8213d58b812129061366f63ef66e1f89622 | I9: 文件
A10: 6 | B10: README.md | C10: DOC-102 | D10: 工程與規範文件 | E10: 文件 | F10: .md | G10: 5368 | H10: 485c9460ac051446a71ca0bc746943bb523308f9c2eea4b800570d488a201a6d | I10: 文件
A11: 7 | B11: android/.gitignore | C11: SW-105 | D11: Android 建置設定與簽章 | E11: 設定 | F11: （無） | G11: 708 | H11: ba1ecada7c0a2dca6db586a6194fc7342b3e8d8795d6f98cc2b413f41d3b8c27 | I11: 建置用（不出貨）
A12: 8 | B12: android/CLAUDE.md | C12: DOC-102 | D12: 工程與規範文件 | E12: 文件 | F12: .md | G12: 13167 | H12: c6b4abb98a292ec7fc42d368fb5e69254989562875ad8ff40e96f818648757ee | I12: 文件
A13: 9 | B13: android/J-Reality-Gesture_v0.9.5.apk | C13: SW-107 | D13: 佐臻原廠 J-Reality-Gesture APK（參考用） | E13: Android 安裝檔 | F13: .apk | G13: 10676924 | H13: ce8494a21470d647b9d22e1cc6bdf00a5b08a640c539567bef119f89767cef82 | I13: 開發／測試用（不出貨）
A14: 10 | B14: android/README.md | C14: DOC-102 | D14: 工程與規範文件 | E14: 文件 | F14: .md | G14: 38960 | H14: 0eb6c166894f522e8a873542ab79cdfe741d71cb48c8b2bd5bf989105a27eb25 | I14: 文件
A15: 11 | B15: android/app/build.gradle | C15: SW-105 | D15: Android 建置設定與簽章 | E15: 建置設定 | F15: .gradle | G15: 20260 | H15: bdba845e8c6315dc3fceee55c2585c390df970e60b8b66210547289e00cd2ac4 | I15: 建置用（不出貨）
A16: 12 | B16: android/app/keystore/cibar-test.jks | C16: SW-105 | D16: Android 建置設定與簽章 | E16: 簽章金鑰 | F16: .jks | G16: 2720 | H16: e965dc0e6ad3286579ea9be001bc356e2df503683695084dd81962665e5029bd | I16: 建置用（不出貨）
... A1334: 1330 | B1334: webapp/vite.config.js | C1334: SW-240 | D1334: Web 建置設定 | E1334: 原始碼 | F1334: .js | G1334: 4293 | H1334: fa62af02edd87f5ff113047dcaa8c227de0206bfb3655087740431508b8cd39f | I1334: 建置用（不出貨）
A1335: =COUNTA(B5:B1334) -> 1330 | B1335: 合計 | G1335: =SUM(G5:G1334) -> 322433537
